<?xml version="1.0" encoding="UTF-8"?>
<board name = "Italia"> 
	<continent>
		<name>Ovest</name>
		<color> 
			<r>0</r>
			<g>255</g>
			<b>0</b>
		</color>
		<bonus>4</bonus>
		<territories>
			<territory>
				<name>Lombardia</name>
				<score>100</score>
				<borders>
					<border>Parma</border>
					<border>Piemonte</border>
					<border>Veneto</border>
					<border>Trentino</border>
				</borders>
			</territory>
			<territory>
				<name>Piemonte</name>
				<score>90</score>
				<borders>
					<border>Parma</border>
					<border>Liguria</border>
					<border>Valle d'Aosta</border>
					<border>Lombardia</border>
				</borders>
			</territory>
			<territory>
				<name>Valle d'Aosta</name>
				<score>20</score>
				<borders>
					<border>Piemonte</border>
				</borders>
			</territory>
			<territory>
				<name>Liguria</name>
				<score>50</score>
				<borders>
					<border>Piemonte</border>
					<border>Corsica</border>
					<border>Toscana</border>
					<border>Parma</border>
				</borders>
			</territory>
			<territory>
				<name>Parma</name>
				<borders>
					<border>Toscana</border>
					<border>Liguria</border>
					<border>Piemonte</border>
					<border>Lombardia</border>
					<border>Bologna</border>
				</borders>
				<score>30</score>
			</territory>
		</territories>
	</continent>
	
	<continent>
		<name>Est</name>
		<color>
			<r>0</r>
			<g>255</g>
			<b>0</b>
		</color>
		<bonus>4</bonus>
		<territories>
			<territory>
				<name>Veneto</name>
				<borders>
					<border>Trentino</border>
					<border>Lombardia</border>
					<border>Bologna</border>
					<border>Friuli-Venezia Giulia</border>
				</borders>
				<score>110</score>
			</territory>
			<territory>
				<name>Trentino</name>
				<borders>
					<border>Lombardia</border>
					<border>Veneto</border>
				</borders>
				<score>30</score>
			</territory>
			<territory>
				<name>Friuli-Venezia Giulia</name>
				<borders>
					<border>Veneto</border>
				</borders>
				<score>50</score>
			</territory>
			<territory>
				<name>Bologna</name>
				<borders>
					<border>Parma</border>
					<border>Veneto</border>
					<border>Marche</border>
					<border>Toscana</border>
				</borders>
				<score>40</score>
			</territory>
		</territories>
	</continent>
	
	<continent>
		<name>Centro</name>
		<color>
			<r>0</r>
			<g>255</g>
			<b>255</b>
		</color>
		<bonus>5</bonus>
		<territories>
			<territory>
				<name>Toscana</name>
				<borders>
					<border>Parma</border>
					<border>Liguria</border>
					<border>Bologna</border>
					<border>Lazio</border>
					<border>Umbria</border>
					<border>Marche</border>
				</borders>
				<score>90</score>
			</territory>
			<territory>
				<name>Lazio</name>
				<borders>
					<border>Toscana</border>
					<border>Umbria</border>
					<border>Abruzzo</border>
					<border>Molise</border>
					<border>Campania</border>
				</borders>
				<score>100</score>
			</territory>
			<territory>
				<name>Marche</name>
				<borders>
					<border>Toscana</border>
					<border>Bologna</border>
					<border>Umbria</border>
					<border>Abruzzo</border>
				</borders>
				<score>30</score>
			</territory>
			<territory>
				<name>Umbria</name>
				<borders>
					<border>Marche</border>
					<border>Abruzzo</border>
					<border>Lazio</border>
					<border>Toscana</border>
				</borders>
				<score>30</score>
			</territory>
			<territory>
				<name>Abruzzo</name>
				<borders>
					<border>Marche</border>
					<border>Lazio</border>
					<border>Molise</border>
					<border>Umbria</border>
				</borders>
				<score>30</score>
			</territory>
			<territory>
				<name>Molise</name>
				<borders>
					<border>Puglia</border>
					<border>Abruzzo</border>
					<border>Lazio</border>
					<border>Campania</border>
				</borders>
				<score>20</score>
			</territory>
		</territories>
	</continent>
	
	<continent>
		<name>Sud</name>
		<color>
			<r>255</r>
			<g>0</g>
			<b>0</b>
		</color>
		<bonus>5</bonus>
		<territories>
			<territory>
				<name>Campania</name>
				<borders>
					<border>Basilicata</border>
					<border>Puglia</border>
					<border>Lazio</border>
					<border>Molise</border>
				</borders>
				<score>90</score>
			</territory>
			<territory>
				<name>Basilicata</name>
				<borders>
					<border>Campania</border>
					<border>Puglia</border>
					<border>Calabria</border>
				</borders>
				<score>30</score>
			</territory>
			<territory>
				<name>Puglia</name>
				<borders>
					<border>Molise</border>
					<border>Campania</border>
					<border>Basilicata</border>
					<border>Calabria</border>
				</borders>
				<score>60</score>
			</territory>
			<territory>
				<name>Calabria</name>
				<borders>
					<border>Basilicata</border>
					<border>Sicilia</border>
					<border>Puglia</border>
				</borders>
				<score>20</score>
			</territory>
		</territories>
	</continent>
	
	<continent>
		<name>Isole</name>
		<color>
			<r>0</r>
			<g>0</g>
			<b>255</b>
		</color>
		<bonus>2</bonus>
		<territories>
			<territory>
				<name>Corsica</name>
				<borders>
					<border>Ligura</border>
					<border>Sardegna</border>
				</borders>
				<score>20</score>
				</territory>
			<territory>
				<name>Sardegna</name>
				<borders>
					<border>Sicilia</border>
					<border>Corsica</border>
				</borders>
				<score>30</score>
				</territory>
			<territory>
				<name>Sicilia</name>
				<borders>
					<border>Calabria</border>
					<border>Sardegna</border>
				</borders>
				<score>60</score>
				</territory>
		</territories>
	</continent>
</board>
